"","crypto_measures.BTC","crypto_measures.ETH"
"mean",5584.23543715847,260.543715846995
"median",6183.07,196.015
"max",9321.16,751.27
"min",3232.51,83.9
"mode",8421,111
