"","stock_measures.AAPL","stock_measures.MSFT","stock_measures.PYPL"
"mean",191.608605792829,108.447171406375,89.6719522231076
"median",190.399994,107.599998,87.379997
"max",232.070007,130.600006,112.769997
"min",142.190002,94.129997,75.449997
"mode",193,111,89
